session,symbol,p_open_up,called,realised,gap_pct,hit
2026-04-30,^BVSP,0.5255,up,up,0.005,True
2026-05-05,^BVSP,0.5778,up,down,-0.002,False
2026-05-06,^BVSP,0.6495,up,up,0.004,True
2026-05-07,^BVSP,0.6481,up,down,-0.001,False
2026-05-08,^BVSP,0.6052,up,up,0.002,True
2026-05-11,^BVSP,0.5688,up,down,-0.003,False
2026-05-12,^BVSP,0.5848,up,down,-0.007,False
2026-05-14,^BVSP,0.6588,up,up,0.003,True
2026-05-15,^BVSP,0.4824,down,down,-0.014,True
2026-05-18,^BVSP,0.5592,up,down,-0.002,False
2026-05-19,^BVSP,0.6616,up,down,-0.002,False
2026-05-21,^BVSP,0.5982,up,down,-0.002,False
2026-05-21,^FTSE,0.6821,up,down,-0.429,False
2026-05-22,^BVSP,0.6878,up,down,-0.001,False
2026-05-22,^DJI,0.6624,up,up,0.296,True
2026-05-22,^FTSE,0.6138,up,up,0.486,True
2026-05-22,^GSPC,0.7502,up,up,0.31,True
2026-05-22,^IXIC,0.7556,up,up,0.336,True
2026-05-22,^KS11,0.0736,down,up,0.736,False
2026-05-25,^AXJO,0.6523,up,up,0.013,True
2026-05-25,^GSPTSE,0.6431,up,up,0.477,True
2026-05-26,^AXJO,0.6793,up,down,-0.191,False
2026-05-26,^BVSP,0.5797,up,up,0.258,True
2026-05-26,^DJI,0.4774,down,up,0.21,False
2026-05-26,^FTSE,0.3438,down,up,0.698,False
2026-05-26,^GSPC,0.5157,up,up,0.513,True
2026-05-26,^GSPTSE,0.4371,down,down,-0.018,True
2026-05-26,^HSI,0.5438,up,up,0.064,True
2026-05-26,^IBEX,0.4574,down,down,-0.045,True
2026-05-26,^IXIC,0.5163,up,up,0.936,True
2026-05-26,^KS11,0.7319,up,up,2.844,True
2026-05-26,^N225,0.6172,up,up,0.137,True
2026-05-26,^NSEI,0.512,up,down,-0.115,False
2026-05-27,000001.SS,0.4938,down,down,-0.158,True
2026-05-27,^AXJO,0.6642,up,up,0.038,True
2026-05-27,^BVSP,0.5802,up,up,0.007,True
2026-05-27,^DJI,0.5326,up,up,0.05,True
2026-05-27,^FTSE,0.738,up,down,-0.058,False
2026-05-27,^GSPC,0.6487,up,up,0.092,True
2026-05-27,^GSPTSE,0.4764,down,down,-0.271,True
2026-05-27,^HSI,0.571,up,up,0.036,True
2026-05-27,^IBEX,0.7801,up,up,0.452,True
2026-05-27,^IXIC,0.622,up,up,0.147,True
2026-05-27,^KS11,0.789,up,up,2.418,True
2026-05-27,^N225,0.753,up,up,1.203,True
2026-05-27,^NSEI,0.6182,up,down,-0.139,False
2026-05-28,000001.SS,0.2358,down,down,-0.328,True
2026-05-28,^AXJO,0.3518,down,down,-0.56,True
2026-05-28,^DJI,0.4457,down,up,0.033,False
2026-05-28,^FCHI,0.3246,down,down,-0.428,True
2026-05-28,^FTSE,0.359,down,down,-0.503,True
2026-05-28,^GDAXI,0.4314,down,down,-0.373,True
2026-05-28,^GSPC,0.4484,down,down,-0.007,True
2026-05-28,^GSPTSE,0.3247,down,down,-0.084,True
2026-05-28,^HSI,0.5187,up,down,-0.386,False
2026-05-28,^IBEX,0.4709,down,down,-0.373,True
2026-05-28,^IXIC,0.4639,down,up,0.044,False
2026-05-28,^KS11,0.2929,down,down,-0.765,True
2026-05-28,^N225,0.3902,down,down,-0.352,True
2026-05-28,^SSMI,0.2654,down,down,-0.733,True
2026-05-28,^STOXX50E,0.3136,down,down,-0.099,True
2026-05-29,000001.SS,0.4512,down,up,0.29,False
2026-05-29,^AXJO,0.7386,up,up,0.684,True
2026-05-29,^BVSP,0.6583,up,up,0.001,True
2026-05-29,^DJI,0.6031,up,up,0.207,True
2026-05-29,^FCHI,0.8841,up,up,0.436,True
2026-05-29,^FTSE,0.8289,up,up,0.117,True
2026-05-29,^GDAXI,0.9251,up,up,0.136,True
2026-05-29,^GSPC,0.6707,up,up,0.208,True
2026-05-29,^GSPTSE,0.579,up,up,0.115,True
2026-05-29,^HSI,0.6405,up,up,0.621,True
2026-05-29,^IBEX,0.9082,up,up,0.577,True
2026-05-29,^IXIC,0.7166,up,up,0.161,True
2026-05-29,^KS11,0.7471,up,up,2.431,True
2026-05-29,^N225,0.6776,up,up,0.681,True
2026-05-29,^NSEI,0.5965,up,down,-0.021,False
2026-05-29,^SSMI,0.7318,up,up,0.228,True
2026-05-29,^STOXX50E,0.8761,up,up,0.147,True
2026-06-01,000001.SS,0.3027,down,down,-0.035,True
2026-06-01,^AXJO,0.4185,down,down,-0.038,True
2026-06-01,^BVSP,0.6414,up,up,0.001,True
2026-06-01,^DJI,0.5546,up,up,0.252,True
2026-06-01,^FCHI,0.6907,up,down,-0.148,False
2026-06-01,^FTSE,0.6802,up,down,-0.293,False
2026-06-01,^GDAXI,0.76,up,down,-0.085,False
2026-06-01,^GSPC,0.6142,up,up,0.029,True
2026-06-01,^GSPTSE,0.4849,down,down,-0.041,True
2026-06-01,^HSI,0.5095,up,down,-0.009,False
2026-06-01,^IBEX,0.7743,up,down,-0.174,False
2026-06-01,^IXIC,0.6838,up,down,-0.074,False
2026-06-01,^KS11,0.3111,down,up,0.112,False
2026-06-01,^N225,0.2707,down,up,0.051,False
2026-06-01,^NSEI,0.5332,up,up,0.453,True
2026-06-01,^SSMI,0.6387,up,down,-0.564,False
2026-06-01,^STOXX50E,0.7001,up,up,0.055,True
2026-06-02,000001.SS,0.3232,down,up,0.092,False
2026-06-02,^AXJO,0.2076,down,down,-0.47,True
2026-06-02,^BVSP,0.7443,up,up,0.001,True
2026-06-02,^DJI,0.7127,up,down,-0.325,False
2026-06-02,^FCHI,0.5657,up,up,0.551,True
2026-06-02,^FTSE,0.406,down,up,0.314,False
2026-06-02,^GDAXI,0.5724,up,up,0.779,True
2026-06-02,^GSPC,0.7471,up,down,-0.06,False
2026-06-02,^GSPTSE,0.677,up,down,-0.066,False
2026-06-02,^HSI,0.3083,down,down,-0.012,True
2026-06-02,^IBEX,0.5354,up,up,0.624,True
2026-06-02,^IXIC,0.7916,up,down,-0.209,False
2026-06-02,^KS11,0.1429,down,up,1.079,False
2026-06-02,^N225,0.4368,down,down,-0.455,True
2026-06-02,^NSEI,0.2707,down,down,-0.656,True
2026-06-02,^SSMI,0.4829,down,up,0.411,False
2026-06-02,^STOXX50E,0.562,up,up,0.403,True
2026-06-03,000001.SS,0.6241,up,down,-0.166,False
2026-06-03,^AXJO,0.6446,up,up,0.483,True
2026-06-03,^BVSP,0.5988,up,down,-0.003,False
2026-06-03,^DJI,0.5969,up,down,-0.169,False
2026-06-03,^FCHI,0.5445,up,down,-0.373,False
2026-06-03,^FTSE,0.5006,up,down,-0.098,False
2026-06-03,^GDAXI,0.5806,up,down,-0.843,False
2026-06-03,^GSPC,0.647,up,down,-0.059,False
2026-06-03,^GSPTSE,0.489,down,down,-0.395,True
2026-06-03,^HSI,0.5659,up,down,-0.328,False
2026-06-03,^IBEX,0.5497,up,up,0.223,True
2026-06-03,^IXIC,0.6428,up,down,-0.004,False
2026-06-03,^N225,0.8165,up,up,0.756,True
2026-06-03,^NSEI,0.6311,up,down,-0.288,False
2026-06-03,^SSMI,0.5059,up,up,0.031,True
2026-06-03,^STOXX50E,0.5426,up,down,-0.044,False
2026-06-04,000001.SS,0.1306,down,down,-0.742,True
2026-06-04,^AXJO,0.0591,down,down,-0.555,True
2026-06-04,^DJI,0.5727,up,up,0.59,True
2026-06-04,^FCHI,0.2358,down,up,0.014,False
2026-06-04,^FTSE,0.1541,down,down,-0.137,True
2026-06-04,^GDAXI,0.2651,down,up,0.216,False
2026-06-04,^GSPC,0.6403,up,down,-0.492,False
2026-06-04,^GSPTSE,0.4193,down,up,0.244,False
2026-06-04,^HSI,0.2204,down,down,-0.655,True
2026-06-04,^IXIC,0.6875,up,down,-1.023,False
2026-06-04,^KS11,0.1427,down,down,-2.019,True
2026-06-04,^N225,0.1257,down,down,-0.791,True
2026-06-04,^NSEI,0.1396,down,down,-0.526,True
2026-06-04,^SSMI,0.2716,down,up,0.109,False
2026-06-04,^STOXX50E,0.2415,down,up,0.076,False
2026-06-05,000001.SS,0.506,up,down,-0.319,False
2026-06-05,^AXJO,0.8415,up,up,0.268,True
2026-06-05,^DJI,0.3812,down,up,0.093,False
2026-06-05,^FCHI,0.163,down,up,0.253,False
2026-06-05,^FTSE,0.1179,down,up,0.255,False
2026-06-05,^GDAXI,0.1535,down,down,-0.253,True
2026-06-05,^GSPC,0.347,down,down,-0.619,True
2026-06-05,^GSPTSE,0.2633,down,down,-0.413,True
2026-06-05,^HSI,0.6079,up,down,-0.266,False
2026-06-05,^IBEX,0.2451,down,up,0.376,False
2026-06-05,^IXIC,0.3326,down,down,-1.097,True
2026-06-05,^KS11,0.6291,up,down,-3.66,False
2026-06-05,^N225,0.7215,up,down,-0.527,False
2026-06-05,^NSEI,0.5253,up,up,0.266,True
2026-06-05,^SSMI,0.2494,down,up,0.196,False
2026-06-05,^STOXX50E,0.159,down,up,0.062,False
2026-06-08,000001.SS,0.039,down,down,-2.21,True
2026-06-08,^BVSP,0.5723,up,up,0.014,True
2026-06-08,^DJI,0.5238,up,up,0.256,True
2026-06-08,^FCHI,0.0684,down,down,-1.032,True
2026-06-08,^FTSE,0.0715,down,down,-0.255,True
2026-06-08,^GDAXI,0.0553,down,down,-1.259,True
2026-06-08,^GSPC,0.4127,down,up,0.77,False
2026-06-08,^GSPTSE,0.38,down,up,0.284,False
2026-06-08,^HSI,0.038,down,down,-1.518,True
2026-06-08,^IBEX,0.0732,down,down,-0.736,True
2026-06-08,^IXIC,0.5009,up,up,1.383,True
2026-06-08,^KS11,0.0089,down,down,-1.379,True
2026-06-08,^N225,0.0089,down,down,-0.962,True
2026-06-08,^NSEI,0.0295,down,down,-1.224,True
2026-06-08,^SSMI,0.0774,down,down,-0.715,True
2026-06-08,^STOXX50E,0.0461,down,down,-0.203,True
2026-06-09,000001.SS,0.7377,up,up,0.46,True
2026-06-09,^AXJO,0.901,up,down,-0.952,False
2026-06-09,^BVSP,0.6617,up,up,0.002,True
2026-06-09,^DJI,0.6957,up,up,0.056,True
2026-06-09,^FCHI,0.7542,up,down,-0.245,False
2026-06-09,^FTSE,0.7629,up,down,-0.137,False
2026-06-09,^GDAXI,0.788,up,down,-0.109,False
2026-06-09,^GSPC,0.794,up,up,0.445,True
2026-06-09,^GSPTSE,0.5534,up,up,0.16,True
2026-06-09,^HSI,0.7451,up,down,-0.426,False
2026-06-09,^IBEX,0.7776,up,up,0.1,True
2026-06-09,^IXIC,0.7856,up,up,0.697,True
2026-06-09,^KS11,0.9986,up,up,2.851,True
2026-06-09,^N225,0.9636,up,up,0.938,True
2026-06-09,^NSEI,0.7665,up,up,0.588,True
2026-06-09,^SSMI,0.624,up,down,-0.305,False
2026-06-09,^STOXX50E,0.7674,up,down,-0.058,False
2026-06-10,000001.SS,0.1773,down,down,-0.621,True
2026-06-10,^AXJO,0.143,down,down,-0.129,True
2026-06-10,^DJI,0.5477,up,down,-0.22,False
2026-06-10,^FCHI,0.4931,down,up,0.239,False
2026-06-10,^FTSE,0.7388,up,up,0.318,True
2026-06-10,^GDAXI,0.5431,up,up,0.304,True
2026-06-10,^GSPC,0.5856,up,down,-0.489,False
2026-06-10,^GSPTSE,0.4587,down,down,-0.516,True
2026-06-10,^HSI,0.3706,down,down,-0.502,True
2026-06-10,^IBEX,0.5191,up,up,0.499,True
2026-06-10,^IXIC,0.5507,up,down,-0.649,False
2026-06-10,^KS11,0.0213,down,down,-2.435,True
2026-06-10,^N225,0.1342,down,down,-0.71,True
2026-06-10,^NSEI,0.4643,down,down,-0.035,True
2026-06-10,^SSMI,0.4114,down,up,0.27,False
2026-06-10,^STOXX50E,0.5288,up,up,0.036,True
2026-06-11,000001.SS,0.1642,down,down,-0.339,True
2026-06-11,^AXJO,0.0899,down,down,-0.846,True
2026-06-11,^DJI,0.7131,up,up,0.107,True
2026-06-11,^FCHI,0.4529,down,down,-0.089,True
2026-06-11,^FTSE,0.4604,down,down,-0.02,True
2026-06-11,^GDAXI,0.5854,up,up,0.041,True
2026-06-11,^GSPC,0.7176,up,up,0.285,True
2026-06-11,^GSPTSE,0.5828,up,up,0.238,True
2026-06-11,^HSI,0.2657,down,down,-0.114,True
2026-06-11,^IBEX,0.4285,down,up,0.241,False
2026-06-11,^IXIC,0.7402,up,up,0.557,True
2026-06-11,^KS11,0.3151,down,down,-2.861,True
2026-06-11,^N225,0.1834,down,down,-1.325,True
2026-06-11,^NSEI,0.1909,down,down,-0.476,True
2026-06-11,^SSMI,0.2689,down,down,-0.442,True
2026-06-11,^STOXX50E,0.4862,down,up,0.08,False
2026-06-12,000001.SS,0.8321,up,up,0.774,True
2026-06-12,^AXJO,0.9697,up,up,1.723,True
2026-06-12,^DJI,0.7869,up,up,0.59,True
2026-06-12,^FCHI,0.9443,up,up,1.396,True
2026-06-12,^FTSE,0.9292,up,up,0.591,True
2026-06-12,^GDAXI,0.9579,up,up,1.402,True
2026-06-12,^GSPC,0.8567,up,up,0.224,True
2026-06-12,^GSPTSE,0.7897,up,up,0.213,True
2026-06-12,^HSI,0.9339,up,up,1.04,True
2026-06-12,^IBEX,0.9475,up,up,1.666,True
2026-06-12,^IXIC,0.8445,up,down,-0.102,False
2026-06-12,^KS11,0.9808,up,up,6.439,True
2026-06-12,^N225,0.981,up,up,1.493,True
2026-06-12,^NSEI,0.9369,up,up,1.083,True
2026-06-12,^SSMI,0.8856,up,up,0.681,True
2026-06-12,^STOXX50E,0.9548,up,up,0.322,True
2026-06-15,000001.SS,0.5732,up,up,0.547,True
2026-06-15,^AXJO,0.7176,up,up,0.845,True
2026-06-15,^BVSP,0.7329,up,up,0.004,True
2026-06-15,^DJI,0.7773,up,up,0.317,True
2026-06-15,^FCHI,0.801,up,up,1.332,True
2026-06-15,^FTSE,0.8312,up,up,0.835,True
2026-06-15,^GDAXI,0.8428,up,up,1.758,True
2026-06-15,^GSPC,0.8472,up,up,1.148,True
2026-06-15,^GSPTSE,0.7506,up,up,0.393,True
2026-06-15,^HSI,0.6958,up,up,1.146,True
2026-06-15,^IBEX,0.8749,up,up,1.429,True
2026-06-15,^IXIC,0.8267,up,up,2.157,True
2026-06-15,^KS11,0.7901,up,up,4.955,True
2026-06-15,^N225,0.7181,up,up,1.156,True
2026-06-15,^NSEI,0.5605,up,up,1.532,True
2026-06-15,^SSMI,0.6845,up,up,0.971,True
2026-06-15,^STOXX50E,0.7771,up,up,0.61,True
2026-06-16,000001.SS,0.5054,up,down,-0.055,False
2026-06-16,^AXJO,0.6392,up,down,-0.809,False
2026-06-16,^BVSP,0.6014,up,up,0.001,True
2026-06-16,^DJI,0.4449,down,up,0.081,False
2026-06-16,^FCHI,0.7535,up,up,0.271,True
2026-06-16,^FTSE,0.7735,up,up,0.156,True
2026-06-16,^GDAXI,0.8277,up,up,0.196,True
2026-06-16,^GSPC,0.5838,up,down,-0.073,False
2026-06-16,^GSPTSE,0.3957,down,up,0.183,False
2026-06-16,^HSI,0.7547,up,down,-0.066,False
2026-06-16,^IBEX,0.7726,up,up,0.254,True
2026-06-16,^IXIC,0.4582,down,down,-0.127,True
2026-06-16,^KS11,0.8166,up,up,1.762,True
2026-06-16,^N225,0.6823,up,down,-0.041,False
2026-06-16,^NSEI,0.6982,up,up,0.293,True
2026-06-16,^SSMI,0.7062,up,up,0.122,True
2026-06-16,^STOXX50E,0.7327,up,up,0.146,True
2026-06-17,000001.SS,0.2204,down,down,-0.43,True
2026-06-17,^AXJO,0.2974,down,down,-0.261,True
2026-06-17,^DJI,0.6814,up,down,-0.119,False
2026-06-17,^FCHI,0.7465,up,down,-0.144,False
2026-06-17,^GDAXI,0.7818,up,down,-0.375,False
2026-06-17,^GSPC,0.6829,up,up,0.175,True
2026-06-17,^GSPTSE,0.5559,up,down,-0.071,False
2026-06-17,^HSI,0.5546,up,up,0.008,True
2026-06-17,^IBEX,0.7845,up,down,-0.052,False
2026-06-17,^IXIC,0.6592,up,up,0.445,True
2026-06-17,^KS11,0.1126,down,down,-1.197,True
2026-06-17,^N225,0.1448,down,down,-0.574,True
2026-06-17,^NSEI,0.3226,down,up,0.231,False
2026-06-17,^SSMI,0.6236,up,down,-0.142,False
2026-06-17,^STOXX50E,0.7384,up,up,0.009,True
2026-06-18,000001.SS,0.1898,down,down,-0.337,True
2026-06-18,^AXJO,0.079,down,down,-0.235,True
2026-06-18,^BVSP,0.6321,up,up,0.008,True
2026-06-18,^DJI,0.714,up,up,0.154,True
2026-06-18,^FCHI,0.3783,down,up,0.027,False
2026-06-18,^FTSE,0.3568,down,down,-1.509,True
2026-06-18,^GDAXI,0.4106,down,up,0.248,False
2026-06-18,^GSPC,0.7121,up,up,0.906,True
2026-06-18,^GSPTSE,0.5577,up,up,0.255,True
2026-06-18,^HSI,0.3291,down,down,-0.687,True
2026-06-18,^IBEX,0.3639,down,down,-0.089,True
2026-06-18,^IXIC,0.6974,up,up,1.495,True
2026-06-18,^KS11,0.0382,down,up,0.233,False
2026-06-18,^N225,0.2024,down,up,0.374,False
2026-06-18,^NSEI,0.1918,down,down,-0.049,True
2026-06-18,^SSMI,0.2675,down,up,0.133,False
2026-06-18,^STOXX50E,0.4231,down,up,0.017,False
2026-06-19,^AXJO,0.6289,up,down,-0.56,False
2026-06-19,^BVSP,0.4861,down,up,0.001,False
2026-06-19,^FCHI,0.5004,up,up,0.067,True
2026-06-19,^FTSE,0.4037,down,down,-0.059,True
2026-06-19,^GDAXI,0.6924,up,up,0.194,True
2026-06-19,^GSPTSE,0.344,down,down,-0.213,True
2026-06-19,^IBEX,0.4783,down,down,-0.266,True
2026-06-19,^KS11,0.7341,up,up,2.483,True
2026-06-19,^N225,0.9088,up,up,0.7,True
2026-06-19,^NSEI,0.5536,up,down,-0.732,False
2026-06-19,^SSMI,0.5263,up,down,-0.077,False
2026-06-19,^STOXX50E,0.5026,up,down,-0.031,False
2026-06-22,000001.SS,0.6337,up,up,0.085,True
2026-06-22,^AXJO,0.8131,up,down,-0.289,False
2026-06-22,^BVSP,0.5709,up,down,-0.144,False
2026-06-22,^DJI,0.576,up,down,-0.018,False
2026-06-22,^FCHI,0.8132,up,up,0.154,True
2026-06-22,^FTSE,0.7514,up,up,0.139,True
2026-06-22,^GDAXI,0.8699,up,up,0.201,True
2026-06-22,^GSPC,0.6276,up,down,-0.002,False
2026-06-22,^GSPTSE,0.5138,up,down,-0.318,False
2026-06-22,^HSI,0.7407,up,down,-0.473,False
2026-06-22,^IBEX,0.7295,up,up,0.081,True
2026-06-22,^IXIC,0.541,up,down,-0.131,False
2026-06-22,^KS11,0.9703,up,down,-1.082,False
2026-06-22,^N225,0.944,up,down,-0.257,False
2026-06-22,^NSEI,0.6976,up,up,0.389,True
2026-06-22,^SSMI,0.7546,up,down,-0.128,False
2026-06-22,^STOXX50E,0.8125,up,up,0.068,True
2026-06-23,000001.SS,0.3993,down,down,-0.228,True
2026-06-23,^AXJO,0.5623,up,up,0.377,True
2026-06-23,^BVSP,0.4543,down,down,-0.002,True
2026-06-23,^DJI,0.2975,down,up,0.044,False
2026-06-23,^FCHI,0.0471,down,down,-0.807,True
2026-06-23,^FTSE,0.0467,down,down,-0.749,True
2026-06-23,^GDAXI,0.0502,down,down,-1.21,True
2026-06-23,^GSPC,0.2948,down,down,-1.422,True
2026-06-23,^GSPTSE,0.2151,down,down,-0.497,True
2026-06-23,^HSI,0.5943,up,up,0.133,True
2026-06-23,^IBEX,0.0588,down,down,-0.366,True
2026-06-23,^IXIC,0.2398,down,down,-2.357,True
2026-06-23,^KS11,0.4045,down,down,-0.34,True
2026-06-23,^N225,0.4706,down,up,0.07,False
2026-06-23,^NSEI,0.4881,down,down,-0.131,True
2026-06-23,^SSMI,0.0684,down,down,-0.374,True
2026-06-23,^STOXX50E,0.051,down,down,-0.579,True
2026-06-24,000001.SS,0.1419,down,down,-0.393,True
2026-06-24,^AXJO,0.318,down,up,0.114,False
2026-06-24,^BVSP,0.6638,up,down,-0.002,False
2026-06-24,^DJI,0.7202,up,down,-0.012,False
2026-06-24,^FCHI,0.7442,up,up,0.155,True
2026-06-24,^FTSE,0.7969,up,up,0.118,True
2026-06-24,^GDAXI,0.7398,up,down,-0.413,False
2026-06-24,^GSPC,0.7073,up,up,0.074,True
2026-06-24,^GSPTSE,0.6858,up,down,-0.312,False
2026-06-24,^HSI,0.4117,down,up,0.362,False
2026-06-24,^IBEX,0.8153,up,up,0.002,True
2026-06-24,^IXIC,0.6973,up,down,-0.033,False
2026-06-24,^KS11,0.9293,up,up,1.864,True
2026-06-24,^N225,0.1783,down,down,-0.248,True
2026-06-24,^NSEI,0.3001,down,down,-0.119,True
2026-06-24,^SSMI,0.6206,up,down,-0.031,False
2026-06-24,^STOXX50E,0.7176,up,up,0.067,True
2026-06-25,000001.SS,0.2605,down,down,-0.178,True
2026-06-25,^AXJO,0.402,down,up,0.025,False
2026-06-25,^BVSP,0.6134,up,up,0.001,True
2026-06-25,^DJI,0.6991,up,up,0.309,True
2026-06-25,^FCHI,0.8564,up,up,0.04,True
2026-06-25,^FTSE,0.9194,up,down,-0.118,False
2026-06-25,^GDAXI,0.892,up,up,0.281,True
2026-06-25,^GSPC,0.7836,up,up,0.635,True
2026-06-25,^GSPTSE,0.5791,up,up,0.414,True
2026-06-25,^HSI,0.4997,down,down,-0.101,True
2026-06-25,^IBEX,0.8604,up,up,0.073,True
2026-06-25,^IXIC,0.7392,up,up,0.974,True
2026-06-25,^KS11,0.3323,down,up,2.743,False
2026-06-25,^N225,0.5633,up,up,1.358,True
2026-06-25,^NSEI,0.4651,down,up,0.434,False
2026-06-25,^SSMI,0.6882,up,down,-0.258,False
2026-06-25,^STOXX50E,0.8878,up,down,-0.05,False
2026-06-26,000001.SS,0.4078,down,down,-0.524,True
2026-06-26,^AXJO,0.7205,up,down,-0.025,False
2026-06-26,^DJI,0.4127,down,down,-0.225,True
2026-06-26,^FCHI,0.114,down,down,-0.252,True
2026-06-26,^FTSE,0.1109,down,down,-0.312,True
2026-06-26,^GDAXI,0.1526,down,down,-0.585,True
2026-06-26,^GSPC,0.4455,down,down,-0.608,True
2026-06-26,^GSPTSE,0.3412,down,down,-0.065,True
2026-06-26,^HSI,0.7021,up,down,-0.541,False
2026-06-26,^IBEX,0.1092,down,down,-0.145,True
2026-06-26,^IXIC,0.349,down,down,-0.998,True
2026-06-26,^KS11,0.3033,down,down,-1.311,True
2026-06-26,^N225,0.3807,down,down,-1.076,True
2026-06-26,^SSMI,0.0768,down,down,-0.242,True
2026-06-26,^STOXX50E,0.1193,down,down,-0.098,True
2026-06-29,000001.SS,0.3487,down,down,-0.014,True
2026-06-29,^AXJO,0.665,up,down,-0.569,False
2026-06-29,^BVSP,0.7099,up,down,-0.001,False
2026-06-29,^DJI,0.649,up,up,0.229,True
2026-06-29,^FCHI,0.8814,up,down,-0.066,False
2026-06-29,^FTSE,0.8985,up,down,-0.117,False
2026-06-29,^GDAXI,0.8885,up,up,0.215,True
2026-06-29,^GSPC,0.7018,up,up,0.515,True
2026-06-29,^GSPTSE,0.6866,up,up,0.116,True
2026-06-29,^HSI,0.7304,up,up,0.687,True
2026-06-29,^IBEX,0.8694,up,down,-0.168,False
2026-06-29,^IXIC,0.7208,up,up,0.808,True
2026-06-29,^KS11,0.9319,up,down,-0.197,False
2026-06-29,^N225,0.6882,up,up,0.359,True
2026-06-29,^NSEI,0.5268,up,up,0.024,True
2026-06-29,^SSMI,0.6833,up,up,0.095,True
2026-06-29,^STOXX50E,0.8923,up,up,0.051,True
2026-06-30,000001.SS,0.4729,down,down,-0.386,True
2026-06-30,^AXJO,0.6388,up,up,0.127,True
2026-06-30,^DJI,0.562,up,down,-0.028,False
2026-06-30,^FCHI,0.7253,up,up,0.126,True
2026-06-30,^FTSE,0.7319,up,up,0.255,True
2026-06-30,^GDAXI,0.8264,up,up,0.765,True
2026-06-30,^GSPC,0.5861,up,up,0.011,True
2026-06-30,^GSPTSE,0.4719,down,down,-0.037,True
2026-06-30,^HSI,0.6734,up,down,-0.082,False
2026-06-30,^IBEX,0.7034,up,up,0.122,True
2026-06-30,^IXIC,0.5267,up,up,0.017,True
2026-06-30,^KS11,0.9289,up,up,0.263,True
2026-06-30,^N225,0.852,up,up,0.889,True
2026-06-30,^NSEI,0.7363,up,up,0.358,True
2026-06-30,^SSMI,0.5976,up,up,0.152,True
2026-06-30,^STOXX50E,0.8257,up,up,0.26,True
2026-07-01,000001.SS,0.47,down,down,-0.089,True
2026-07-01,^AXJO,0.8002,up,up,0.128,True
2026-07-01,^BVSP,0.6128,up,down,-0.004,False
2026-07-01,^DJI,0.5329,up,down,-0.168,False
2026-07-01,^FCHI,0.2759,down,down,-0.146,True
2026-07-01,^FTSE,0.2138,down,down,-0.117,True
2026-07-01,^GDAXI,0.3693,down,up,0.132,False
2026-07-01,^GSPC,0.529,up,down,-0.274,False
2026-07-01,^IBEX,0.2586,down,down,-0.112,True
2026-07-01,^IXIC,0.4802,down,down,-0.665,True
2026-07-01,^KS11,0.7889,up,up,1.357,True
2026-07-01,^N225,0.8971,up,up,1.016,True
2026-07-01,^NSEI,0.6321,up,up,0.134,True
2026-07-01,^SSMI,0.2415,down,down,-0.018,True
2026-07-01,^STOXX50E,0.3286,down,down,-0.038,True
2026-07-02,000001.SS,0.1937,down,down,-1.419,True
2026-07-02,^AXJO,0.5785,up,down,-0.116,False
2026-07-02,^BVSP,0.618,up,up,0.005,True
2026-07-02,^DJI,0.4389,down,up,0.172,False
2026-07-02,^FCHI,0.3211,down,up,0.076,False
2026-07-02,^FTSE,0.3453,down,down,-0.314,True
2026-07-02,^GDAXI,0.2775,down,down,-0.06,True
2026-07-02,^GSPC,0.4383,down,up,0.159,False
2026-07-02,^GSPTSE,0.4699,down,up,0.338,False
2026-07-02,^HSI,0.5294,up,up,0.832,True
2026-07-02,^IBEX,0.2735,down,up,0.063,False
2026-07-02,^IXIC,0.4051,down,up,0.028,False
2026-07-02,^KS11,0.4422,down,down,-4.46,True
2026-07-02,^N225,0.1636,down,down,-0.617,True
2026-07-02,^NSEI,0.3324,down,up,0.235,False
2026-07-02,^SSMI,0.2332,down,up,0.118,False
2026-07-02,^STOXX50E,0.3338,down,down,-0.007,True
2026-07-03,000001.SS,0.4194,down,up,0.06,False
2026-07-03,^AXJO,0.9245,up,up,0.475,True
2026-07-03,^BVSP,0.6698,up,up,0.001,True
2026-07-03,^FCHI,0.7541,up,up,0.142,True
2026-07-03,^FTSE,0.7375,up,up,0.308,True
2026-07-03,^GDAXI,0.7674,up,up,0.716,True
2026-07-03,^GSPTSE,0.6937,up,up,0.331,True
2026-07-03,^HSI,0.8237,up,up,0.806,True
2026-07-03,^IBEX,0.8012,up,up,0.217,True
2026-07-03,^KS11,0.9735,up,up,1.198,True
2026-07-03,^N225,0.6728,up,down,-0.083,False
2026-07-03,^NSEI,0.6162,up,up,0.827,True
2026-07-03,^SSMI,0.6772,up,up,0.043,True
2026-07-03,^STOXX50E,0.8173,up,up,0.203,True
2026-07-06,000001.SS,0.2099,down,up,0.385,False
2026-07-06,^AXJO,0.4455,down,down,-0.127,True
2026-07-06,^BVSP,0.6197,up,down,-0.119,False
2026-07-06,^DJI,0.5685,up,down,-0.135,False
2026-07-06,^FCHI,0.2385,down,up,0.139,False
2026-07-06,^GDAXI,0.3622,down,up,0.126,False
2026-07-06,^GSPC,0.5339,up,up,0.317,True
2026-07-06,^GSPTSE,0.5638,up,down,-0.039,False
2026-07-06,^HSI,0.6808,up,up,0.234,True
2026-07-06,^IBEX,0.2708,down,down,-0.259,True
2026-07-06,^IXIC,0.5644,up,up,0.646,True
2026-07-06,^KS11,0.0494,down,up,1.218,False
2026-07-06,^N225,0.1793,down,up,0.329,False
2026-07-06,^NSEI,0.4775,down,up,0.148,False
2026-07-06,^SSMI,0.2485,down,up,0.013,False
2026-07-06,^STOXX50E,0.2789,down,down,-0.111,True
2026-07-07,000001.SS,0.2871,down,down,-0.538,True
2026-07-07,^AXJO,0.6863,up,down,-0.063,False
2026-07-07,^BVSP,0.5325,up,down,-0.005,False
2026-07-07,^DJI,0.3363,down,up,0.091,False
2026-07-07,^FCHI,0.256,down,up,0.238,False
2026-07-07,^FTSE,0.174,down,up,0.019,False
2026-07-07,^GDAXI,0.3259,down,down,-0.184,True
2026-07-07,^GSPC,0.3941,down,down,-0.276,True
2026-07-07,^GSPTSE,0.3687,down,up,0.066,False
2026-07-07,^HSI,0.67,up,down,-0.203,False
2026-07-07,^IBEX,0.2304,down,up,0.118,False
2026-07-07,^IXIC,0.3311,down,down,-0.616,True
2026-07-07,^KS11,0.8826,up,down,-1.641,False
2026-07-07,^N225,0.756,up,down,-0.398,False
2026-07-07,^NSEI,0.55,up,up,0.14,True
2026-07-07,^SSMI,0.2574,down,down,-0.075,True
2026-07-07,^STOXX50E,0.2676,down,down,-0.291,True
2026-07-08,000001.SS,0.1611,down,up,0.165,False
2026-07-08,^AXJO,0.5866,up,down,-0.7,False
2026-07-08,^BVSP,0.5919,up,down,-0.002,False
2026-07-08,^DJI,0.435,down,down,-0.315,True
2026-07-08,^FCHI,0.6039,up,down,-0.557,False
2026-07-08,^FTSE,0.484,down,down,-0.27,True
2026-07-08,^GDAXI,0.6262,up,down,-0.747,False
2026-07-08,^GSPC,0.4827,down,down,-0.364,True
2026-07-08,^GSPTSE,0.5077,up,down,-0.417,False
2026-07-08,^HSI,0.5659,up,up,0.189,True
2026-07-08,^IBEX,0.4709,down,down,-0.505,True
2026-07-08,^IXIC,0.4844,down,down,-0.442,True
2026-07-08,^KS11,0.7245,up,down,-2.662,False
2026-07-08,^N225,0.426,down,down,-0.81,True
2026-07-08,^NSEI,0.3864,down,down,-0.57,True
2026-07-08,^SSMI,0.3982,down,down,-0.726,True
2026-07-08,^STOXX50E,0.5865,up,down,-0.062,False
2026-07-09,000001.SS,0.1468,down,up,0.168,False
2026-07-09,^AXJO,0.094,down,down,-0.599,True
2026-07-09,^BVSP,0.655,up,up,0.001,True
2026-07-09,^DJI,0.7071,up,down,-0.189,False
2026-07-09,^FCHI,0.9012,up,up,0.665,True
2026-07-09,^FTSE,0.8394,up,down,-0.255,False
2026-07-09,^GDAXI,0.9338,up,up,0.803,True
2026-07-09,^GSPC,0.7658,up,up,0.119,True
2026-07-09,^GSPTSE,0.6252,up,up,0.157,True
2026-07-09,^HSI,0.2188,down,down,-0.075,True
2026-07-09,^IBEX,0.8145,up,up,0.865,True
2026-07-09,^IXIC,0.7828,up,up,0.184,True
2026-07-09,^KS11,0.864,up,up,3.31,True
2026-07-09,^N225,0.4244,down,up,0.34,False
2026-07-09,^NSEI,0.3279,down,up,0.196,False
2026-07-09,^SSMI,0.7584,up,up,0.234,True
2026-07-09,^STOXX50E,0.921,up,up,0.508,True
2026-07-10,000001.SS,0.5181,up,down,-0.125,False
2026-07-10,^BVSP,0.6894,up,up,0.011,True
2026-07-10,^DJI,0.6515,up,up,0.258,True
2026-07-10,^FCHI,0.6545,up,down,-0.031,False
2026-07-10,^FTSE,0.4688,down,up,0.157,False
2026-07-10,^GDAXI,0.6569,up,down,-0.148,False
2026-07-10,^GSPC,0.7246,up,up,0.053,True
2026-07-10,^GSPTSE,0.6673,up,up,0.138,True
2026-07-10,^HSI,0.852,up,up,0.763,True
2026-07-10,^IBEX,0.6444,up,up,0.056,True
2026-07-10,^IXIC,0.6997,up,down,-0.12,False
2026-07-10,^KS11,0.9442,up,up,3.574,True
2026-07-10,^N225,0.8933,up,up,1.156,True
2026-07-10,^NSEI,0.7728,up,up,0.676,True
2026-07-10,^SSMI,0.4605,down,up,0.285,False
2026-07-10,^STOXX50E,0.6356,up,down,-0.278,False
2026-07-13,000001.SS,0.4175,down,down,-0.754,True
2026-07-13,^BVSP,0.5533,up,up,0.001,True
2026-07-13,^DJI,0.3997,down,up,0.075,False
2026-07-13,^FCHI,0.2989,down,down,-0.388,True
2026-07-13,^GDAXI,0.2796,down,down,-0.412,True
2026-07-13,^GSPC,0.4147,down,down,-0.368,True
2026-07-13,^GSPTSE,0.3905,down,down,-0.052,True
2026-07-13,^HSI,0.7815,up,down,-0.072,False
2026-07-13,^IBEX,0.2933,down,down,-0.411,True
2026-07-13,^IXIC,0.3919,down,down,-0.735,True
2026-07-13,^KS11,0.845,up,down,-0.855,False
2026-07-13,^N225,0.6516,up,down,-0.215,False
2026-07-13,^NSEI,0.6286,up,down,-0.692,False
2026-07-13,^SSMI,0.3233,down,up,0.069,False
2026-07-13,^STOXX50E,0.3112,down,down,-0.422,True
2026-07-14,000001.SS,0.1911,down,down,-0.115,True
2026-07-14,^AXJO,0.3259,down,down,-0.102,True
2026-07-14,^BVSP,0.68,up,up,0.002,True
2026-07-14,^DJI,0.6638,up,down,-0.862,False
2026-07-14,^FCHI,0.4992,down,down,-0.91,True
2026-07-14,^FTSE,0.541,up,down,-0.254,False
2026-07-14,^GDAXI,0.5379,up,down,-0.723,False
2026-07-14,^GSPC,0.734,up,up,0.284,True
2026-07-14,^GSPTSE,0.5993,up,up,0.025,True
2026-07-14,^HSI,0.3191,down,down,-0.133,True
2026-07-14,^IBEX,0.4458,down,down,-0.786,True
2026-07-14,^IXIC,0.6735,up,up,0.55,True
2026-07-14,^KS11,0.9568,up,down,-0.556,False
2026-07-14,^N225,0.4493,down,down,-0.357,True
2026-07-14,^NSEI,0.2572,down,down,-0.591,True
2026-07-14,^SSMI,0.3518,down,down,-0.824,True
2026-07-14,^STOXX50E,0.5362,up,down,-0.361,False
2026-07-15,000001.SS,0.5409,up,down,-0.086,False
2026-07-15,^AXJO,0.7111,up,up,0.572,True
2026-07-15,^BVSP,0.6906,up,up,0.012,True
2026-07-15,^DJI,0.6239,up,up,0.183,True
2026-07-15,^FCHI,0.6878,up,up,0.002,True
2026-07-15,^FTSE,0.6049,up,down,-0.507,False
2026-07-15,^GDAXI,0.7249,up,down,-0.704,False
2026-07-15,^GSPC,0.7855,up,up,0.373,True
2026-07-15,^GSPTSE,0.6926,up,up,0.07,True
2026-07-15,^HSI,0.7673,up,up,0.865,True
2026-07-15,^IBEX,0.6777,up,down,-0.641,False
2026-07-15,^IXIC,0.7449,up,up,0.591,True
2026-07-15,^KS11,0.8491,up,up,3.297,True
2026-07-15,^N225,0.7253,up,up,0.363,True
2026-07-15,^NSEI,0.7197,up,up,0.141,True
2026-07-15,^SSMI,0.5504,up,down,-0.289,False
2026-07-15,^STOXX50E,0.7457,up,down,-0.15,False
2026-07-16,000001.SS,0.2537,down,down,-1.092,True
2026-07-16,^AXJO,0.5628,up,up,0.241,True
2026-07-16,^BVSP,0.5999,up,down,-0.001,False
2026-07-16,^DJI,0.4668,down,up,0.506,False
2026-07-16,^FCHI,0.2776,down,down,-0.019,True
2026-07-16,^FTSE,0.1828,down,down,-0.429,True
2026-07-16,^GDAXI,0.2719,down,up,0.078,False
2026-07-16,^GSPC,0.5456,up,down,-0.18,False
2026-07-16,^GSPTSE,0.4871,down,down,-0.143,True
2026-07-16,^HSI,0.6332,up,up,0.583,True
2026-07-16,^IBEX,0.2326,down,up,0.267,False
2026-07-16,^IXIC,0.5142,up,down,-0.433,False
2026-07-16,^KS11,0.277,down,down,-4.447,True
2026-07-16,^N225,0.339,down,down,-1.238,True
2026-07-16,^NSEI,0.6165,up,up,0.264,True
2026-07-16,^SSMI,0.2205,down,down,-0.316,True
2026-07-16,^STOXX50E,0.2955,down,up,0.12,False
2026-07-17,000001.SS,0.1807,down,down,-0.44,True
2026-07-17,^AXJO,0.3913,down,down,-0.177,True
2026-07-17,^DJI,0.5347,up,down,-0.241,False
2026-07-17,^FCHI,0.1807,down,down,-0.61,True
2026-07-17,^FTSE,0.0948,down,down,-0.213,True
2026-07-17,^GDAXI,0.1508,down,down,-0.644,True
2026-07-17,^GSPC,0.5044,up,down,-1.145,False
2026-07-17,^GSPTSE,0.416,down,down,-0.347,True
2026-07-17,^HSI,0.3651,down,up,0.056,False
2026-07-17,^IBEX,0.1714,down,down,-0.702,True
2026-07-17,^IXIC,0.481,down,down,-1.815,True
2026-07-17,^N225,0.511,up,down,-0.742,False
2026-07-17,^NSEI,0.2572,down,up,0.228,False
2026-07-17,^SSMI,0.1219,down,up,0.134,False
2026-07-17,^STOXX50E,0.2011,down,down,-0.202,True
2026-07-20,000001.SS,0.2259,down,up,0.731,False
2026-07-20,^AXJO,0.4764,down,up,0.471,False
2026-07-20,^DJI,0.5879,up,up,0.016,True
2026-07-20,^FCHI,0.1617,down,down,-0.269,True
2026-07-20,^FTSE,0.0923,down,down,-0.503,True
2026-07-20,^GDAXI,0.2243,down,down,-0.249,True
2026-07-20,^GSPC,0.5995,up,up,0.422,True
2026-07-20,^GSPTSE,0.6209,up,up,0.047,True
2026-07-20,^HSI,0.5108,up,up,1.111,True
2026-07-20,^IBEX,0.1223,down,down,-0.354,True
2026-07-20,^IXIC,0.6105,up,up,0.786,True
2026-07-20,^KS11,0.7873,up,down,-2.595,False
2026-07-20,^NSEI,0.2998,down,down,-0.593,True
2026-07-20,^SSMI,0.1741,down,down,-0.662,True
2026-07-20,^STOXX50E,0.1942,down,down,-0.109,True
2026-07-21,000001.SS,0.2634,down,up,0.418,False
2026-07-21,^AXJO,0.346,down,down,-0.357,True
2026-07-21,^BVSP,0.6745,up,up,0.001,True
2026-07-21,^DJI,0.7124,up,up,0.15,True
2026-07-21,^FCHI,0.764,up,up,0.104,True
2026-07-21,^FTSE,0.655,up,down,-0.234,False
2026-07-21,^GDAXI,0.8237,up,up,0.304,True
2026-07-21,^GSPC,0.8254,up,up,0.627,True
2026-07-21,^GSPTSE,0.6991,up,up,0.304,True
2026-07-21,^HSI,0.4224,down,up,0.03,False
2026-07-21,^IBEX,0.7767,up,up,0.216,True
2026-07-21,^IXIC,0.8297,up,up,1.037,True
2026-07-21,^KS11,0.9087,up,up,0.577,True
2026-07-21,^N225,0.8802,up,up,0.628,True
2026-07-21,^NSEI,0.3924,down,down,-0.093,True
2026-07-21,^SSMI,0.6035,up,down,-0.34,False
2026-07-21,^STOXX50E,0.8276,up,up,0.043,True
2026-07-22,000001.SS,0.533,up,down,-0.639,False
2026-07-22,^AXJO,0.8906,up,up,0.204,True
2026-07-22,^BVSP,0.5502,up,up,0.003,True
2026-07-22,^DJI,0.4387,down,up,0.12,False
2026-07-22,^FCHI,0.4033,down,down,-0.096,True
2026-07-22,^FTSE,0.2328,down,down,-0.019,True
2026-07-22,^GDAXI,0.4443,down,down,-0.04,True
2026-07-22,^GSPC,0.4869,down,down,-0.156,True
2026-07-22,^GSPTSE,0.3791,down,up,0.143,False
2026-07-22,^HSI,0.7739,up,down,-0.61,False
2026-07-22,^IBEX,0.4239,down,down,-0.453,True
2026-07-22,^IXIC,0.4191,down,down,-0.555,True
2026-07-22,^KS11,0.7463,up,up,4.507,True
2026-07-22,^N225,0.8828,up,up,0.328,True
2026-07-22,^NSEI,0.7494,up,down,-0.154,False
2026-07-22,^SSMI,0.3065,down,down,-0.186,True
2026-07-22,^STOXX50E,0.4088,down,down,-0.232,True
2026-07-23,000001.SS,0.409,down,up,0.027,False
2026-07-23,^AXJO,0.7807,up,up,0.724,True
2026-07-23,^BVSP,0.6338,up,down,-0.001,False
2026-07-23,^DJI,0.5566,up,down,-0.887,False
2026-07-23,^FCHI,0.4811,down,down,-0.801,True
2026-07-23,^FTSE,0.3785,down,down,-0.096,True
2026-07-23,^GDAXI,0.4656,down,down,-0.641,True
2026-07-23,^GSPC,0.5859,up,down,-1.076,False
2026-07-23,^GSPTSE,0.5685,up,down,-0.339,False
2026-07-23,^HSI,0.7998,up,up,0.297,True
2026-07-23,^IBEX,0.45,down,down,-0.198,True
2026-07-23,^IXIC,0.5627,up,down,-1.734,False
2026-07-23,^KS11,0.9069,up,up,2.437,True
2026-07-23,^N225,0.6445,up,up,0.462,True
2026-07-23,^NSEI,0.5748,up,down,-0.381,False
2026-07-23,^SSMI,0.3621,down,down,-0.527,True
2026-07-23,^STOXX50E,0.4766,down,down,-0.13,True
2026-07-24,000001.SS,0.1003,down,down,-0.597,True
2026-07-24,^AXJO,0.0763,down,down,-0.405,True
2026-07-24,^BVSP,0.5464,up,down,-0.002,False
2026-07-24,^DJI,0.4498,down,up,0.154,False
2026-07-24,^FCHI,0.2236,down,down,-0.174,True
2026-07-24,^FTSE,0.1779,down,down,-0.367,True
2026-07-24,^GDAXI,0.3251,down,up,0.272,False
2026-07-24,^GSPC,0.4878,down,down,-0.027,True
2026-07-24,^GSPTSE,0.4664,down,up,0.203,False
2026-07-24,^HSI,0.1668,down,down,-1.104,True
2026-07-24,^IXIC,0.4669,down,down,-0.121,True
2026-07-24,^KS11,0.048,down,down,-1.354,True
2026-07-24,^N225,0.1008,down,down,-1.262,True
2026-07-24,^NSEI,0.1277,down,down,-0.852,True
2026-07-24,^SSMI,0.1941,down,up,0.209,False
2026-07-24,^STOXX50E,0.1994,down,down,-0.019,True
2026-07-27,000001.SS,0.3916,down,down,-0.139,True
2026-07-27,^AXJO,0.8581,up,up,1.047,True
2026-07-27,^BVSP,0.6968,up,up,0.003,True
2026-07-27,^DJI,0.7136,up,up,0.435,True
2026-07-27,^FCHI,0.4828,down,up,0.842,False
2026-07-27,^FTSE,0.4996,down,up,0.727,False
2026-07-27,^GDAXI,0.5509,up,up,1.436,True
2026-07-27,^GSPC,0.7575,up,up,0.705,True
2026-07-27,^GSPTSE,0.7011,up,up,0.074,True
2026-07-27,^HSI,0.6177,up,up,0.122,True
2026-07-27,^IBEX,0.6058,up,up,0.973,True
2026-07-27,^IXIC,0.7447,up,up,1.042,True
2026-07-27,^KS11,0.9248,up,up,1.729,True
2026-07-27,^N225,0.7797,up,up,0.857,True
2026-07-27,^NSEI,0.5335,up,up,0.677,True
2026-07-27,^SSMI,0.5283,up,up,0.796,True
2026-07-27,^STOXX50E,0.387,down,up,0.109,False
2026-07-28,000001.SS,0.2375,down,down,-0.91,True
2026-07-28,^AXJO,0.5377,up,down,-0.378,False
2026-07-28,^BVSP,0.5665,up,down,-0.005,False
2026-07-28,^DJI,0.4649,down,up,0.542,False
2026-07-28,^FCHI,0.2249,down,up,0.488,False
2026-07-28,^FTSE,0.2894,down,up,0.267,False
2026-07-28,^GDAXI,0.2417,down,up,0.533,False
2026-07-28,^GSPC,0.4923,down,down,-0.238,True
2026-07-28,^GSPTSE,0.4182,down,down,-0.199,True
2026-07-28,^HSI,0.6094,up,up,0.257,True
2026-07-28,^IBEX,0.2726,down,up,0.744,False
2026-07-28,^IXIC,0.396,down,down,-0.429,True
2026-07-28,^KS11,0.4606,down,down,-5.262,True
2026-07-28,^N225,0.3022,down,down,-0.603,True
2026-07-28,^NSEI,0.5467,up,down,-0.103,False
2026-07-28,^SSMI,0.2872,down,up,0.16,False
2026-07-28,^STOXX50E,0.1527,down,up,0.239,False
2026-07-29,000001.SS,0.4797,down,up,0.262,False
2026-07-29,^AXJO,0.8225,up,up,0.676,True
2026-07-29,^BVSP,0.662,up,down,-0.001,False
2026-07-29,^DJI,0.6946,up,down,-0.139,False
2026-07-29,^FCHI,0.4947,down,up,0.404,False
2026-07-29,^FTSE,0.6044,up,up,0.378,True
2026-07-29,^GDAXI,0.5101,up,up,0.345,True
2026-07-29,^GSPC,0.7074,up,down,-0.143,False
2026-07-29,^GSPTSE,0.6864,up,down,-0.136,False
2026-07-29,^HSI,0.7247,up,up,0.697,True
2026-07-29,^IBEX,0.4982,down,down,-0.001,True
2026-07-29,^IXIC,0.7111,up,down,-0.054,False
2026-07-29,^KS11,0.9908,up,up,1.087,True
2026-07-29,^N225,0.8363,up,up,0.593,True
2026-07-29,^NSEI,0.6437,up,up,0.798,True
2026-07-29,^SSMI,0.4231,down,up,0.316,False
2026-07-29,^STOXX50E,0.464,down,down,-0.107,True
2026-07-30,000001.SS,0.0867,down,down,-0.427,True
2026-07-30,^AXJO,0.033,down,down,-0.198,True
2026-07-30,^BVSP,0.6563,up,up,0.003,True
2026-07-30,^DJI,0.7453,up,up,1.008,True
2026-07-30,^FCHI,0.2627,down,up,0.025,False
2026-07-30,^FTSE,0.1712,down,down,-0.245,True
2026-07-30,^GDAXI,0.3395,down,up,0.106,False
2026-07-30,^GSPC,0.7786,up,up,1.016,True
2026-07-30,^GSPTSE,0.672,up,up,0.298,True
2026-07-30,^HSI,0.1536,down,up,0.263,False
2026-07-30,^IBEX,0.1393,down,down,-0.341,True
2026-07-30,^IXIC,0.7988,up,up,1.674,True
2026-07-30,^KS11,0.6416,up,up,0.327,True
2026-07-30,^N225,0.0602,down,down,-0.286,True
2026-07-30,^NSEI,0.0597,down,down,-0.003,True
2026-07-30,^SSMI,0.1705,down,down,-0.399,True
2026-07-30,^STOXX50E,0.2496,down,down,-0.057,True
2026-07-31,000001.SS,0.7667,up,up,0.758,True
2026-07-31,^AXJO,0.9608,up,up,1.074,True
2026-07-31,^BVSP,0.6195,up,down,-0.056,False
2026-07-31,^DJI,0.6957,up,up,0.052,True
2026-07-31,^FCHI,0.8898,up,up,0.045,True
2026-07-31,^FTSE,0.777,up,down,-0.113,False
2026-07-31,^GDAXI,0.9222,up,up,0.38,True
2026-07-31,^GSPC,0.7195,up,up,0.329,True
2026-07-31,^GSPTSE,0.6158,up,down,-0.157,False
2026-07-31,^HSI,0.9589,up,down,-0.082,False
2026-07-31,^IBEX,0.827,up,up,0.02,True
2026-07-31,^IXIC,0.7076,up,up,0.87,True
2026-07-31,^KS11,0.9985,up,up,1.148,True
2026-07-31,^N225,0.9887,up,up,0.145,True
2026-07-31,^NSEI,0.9402,up,up,0.182,True
2026-07-31,^SSMI,0.7351,up,up,0.416,True
2026-07-31,^STOXX50E,0.9155,up,up,0.164,True
2026-08-03,000001.SS,0.2088,down,down,-0.513,True
2026-08-03,^AXJO,0.2703,down,down,-0.399,True
2026-08-03,^BVSP,0.6423,up,up,0.006,True
2026-08-03,^DJI,0.6268,up,up,0.522,True
2026-08-03,^FCHI,0.3146,down,up,0.671,False
2026-08-03,^FTSE,0.2084,down,up,0.094,False
2026-08-03,^GDAXI,0.5309,up,up,0.881,True
2026-08-03,^GSPC,0.6887,up,up,0.201,True
2026-08-03,^HSI,0.5977,up,up,0.397,True
2026-08-03,^IBEX,0.3392,down,up,0.681,False
2026-08-03,^IXIC,0.6928,up,up,0.311,True
2026-08-03,^KS11,0.0026,down,down,-3.596,True
2026-08-03,^N225,0.2618,down,down,-0.819,True
2026-08-03,^NSEI,0.4299,down,up,0.776,False
2026-08-03,^SSMI,0.4302,down,up,0.19,False
2026-08-03,^STOXX50E,0.3388,down,up,0.05,False
2026-08-04,000001.SS,0.5247,up,up,0.176,True
2026-08-04,^AXJO,0.7101,up,up,0.074,True
2026-08-04,^BVSP,0.566,up,up,0.002,True
2026-08-04,^DJI,0.5139,up,up,0.87,True
2026-08-04,^FCHI,0.7987,up,up,0.331,True
2026-08-04,^FTSE,0.6659,up,up,0.227,True
2026-08-04,^GDAXI,0.8293,up,up,0.724,True
2026-08-04,^GSPC,0.5753,up,up,0.396,True
2026-08-04,^GSPTSE,0.5347,up,up,0.558,True
2026-08-04,^HSI,0.76,up,up,0.314,True
2026-08-04,^IBEX,0.8435,up,up,0.043,True
2026-08-04,^IXIC,0.4728,down,up,0.672,False
2026-08-04,^KS11,0.973,up,up,1.501,True
2026-08-04,^N225,0.9351,up,up,0.377,True
2026-08-04,^NSEI,0.7023,up,down,-0.284,False
2026-08-04,^SSMI,0.6446,up,up,0.322,True
2026-08-04,^STOXX50E,0.6821,up,up,0.3,True
2026-08-05,000001.SS,0.7073,up,down,-0.187,False
2026-08-05,^AXJO,0.8976,up,up,0.282,True
2026-08-05,^BVSP,0.5968,up,up,0.001,True
2026-08-05,^DJI,0.6386,up,up,0.333,True
2026-08-05,^FCHI,0.8614,up,up,0.204,True
2026-08-05,^FTSE,0.6942,up,up,0.339,True
2026-08-05,^GDAXI,0.8547,up,up,0.729,True
2026-08-05,^GSPC,0.6259,up,up,0.454,True
2026-08-05,^GSPTSE,0.4975,down,up,1.187,False
2026-08-05,^HSI,0.9203,up,up,0.147,True
2026-08-05,^IBEX,0.8841,up,up,0.163,True
2026-08-05,^IXIC,0.5963,up,up,0.425,True
2026-08-05,^KS11,0.9575,up,up,3.845,True
2026-08-05,^N225,0.9518,up,up,0.95,True
2026-08-05,^NSEI,0.9002,up,up,0.221,True
2026-08-05,^SSMI,0.7642,up,up,0.351,True
2026-08-05,^STOXX50E,0.81,up,up,0.109,True
2026-08-06,000001.SS,0.3316,down,down,-0.365,True
2026-08-06,^AXJO,0.4793,down,down,-0.036,True
2026-08-06,^BVSP,0.5451,up,down,-0.003,False
2026-08-06,^DJI,0.5122,up,up,0.143,True
2026-08-06,^FCHI,0.5647,up,up,0.598,True
2026-08-06,^FTSE,0.5137,up,up,0.415,True
2026-08-06,^GDAXI,0.6674,up,down,-0.038,False
2026-08-06,^GSPC,0.543,up,down,-0.126,False
2026-08-06,^GSPTSE,0.3563,down,down,-0.083,True
2026-08-06,^HSI,0.686,up,down,-0.96,False
2026-08-06,^IBEX,0.6337,up,up,0.412,True
2026-08-06,^IXIC,0.4624,down,down,-0.359,True
2026-08-06,^KS11,0.1931,down,down,-1.811,True
2026-08-06,^N225,0.1076,down,down,-0.61,True
2026-08-06,^NSEI,0.5081,up,up,0.066,True
2026-08-06,^SSMI,0.5211,up,up,0.52,True
2026-08-06,^STOXX50E,0.5112,up,up,0.191,True
2026-08-07,000001.SS,0.2447,down,down,-0.099,True
2026-08-07,^AXJO,0.2841,down,down,-0.363,True
2026-08-07,^DJI,0.6281,up,down,-0.067,False
2026-08-07,^FCHI,0.6049,up,up,0.145,True
2026-08-07,^FTSE,0.468,down,up,0.057,False
2026-08-07,^GDAXI,0.6231,up,up,0.366,True
2026-08-07,^GSPC,0.6361,up,up,0.327,True
2026-08-07,^GSPTSE,0.5223,up,up,0.272,True
2026-08-07,^HSI,0.6634,up,down,-0.014,False
2026-08-07,^IBEX,0.4805,down,up,0.176,False
2026-08-07,^IXIC,0.5782,up,up,0.707,True
2026-08-07,^KS11,0.752,up,up,1.091,True
2026-08-07,^N225,0.6131,up,up,0.096,True
2026-08-07,^NSEI,0.4362,down,down,-0.394,True
2026-08-07,^SSMI,0.4145,down,up,0.333,False
2026-08-07,^STOXX50E,0.5428,up,up,0.086,True
2026-08-10,000001.SS,0.555,up,up,0.096,True
2026-08-10,^AXJO,0.7119,up,down,-0.121,False
2026-08-10,^DJI,0.6098,up,up,0.066,True
2026-08-10,^FCHI,0.5309,up,down,-0.051,False
2026-08-10,^FTSE,0.3649,down,down,-0.132,True
2026-08-10,^GDAXI,0.597,up,up,0.156,True
2026-08-10,^GSPC,0.6212,up,down,-0.076,False
2026-08-10,^GSPTSE,0.4924,down,down,-0.09,True
2026-08-10,^HSI,0.7145,up,up,0.534,True
2026-08-10,^IBEX,0.462,down,down,-0.07,True
2026-08-10,^IXIC,0.5668,up,down,-0.038,False
2026-08-10,^KS11,0.914,up,up,0.76,True
2026-08-10,^N225,0.7706,up,up,0.455,True
2026-08-10,^NSEI,0.6871,up,up,0.043,True
2026-08-10,^SSMI,0.5033,up,up,0.202,True
2026-08-10,^STOXX50E,0.5349,up,down,-0.058,False
2026-08-11,000001.SS,0.251,down,down,-0.4,True
2026-08-11,^AXJO,0.4892,down,down,-0.097,True
2026-08-11,^DJI,0.6087,up,down,-0.027,False
2026-08-11,^FCHI,0.5882,up,up,0.004,True
2026-08-11,^FTSE,0.4899,down,up,0.076,False
2026-08-11,^GDAXI,0.695,up,up,0.206,True
2026-08-11,^GSPC,0.5771,up,up,0.186,True
2026-08-11,^GSPTSE,0.4561,down,up,0.092,False
2026-08-11,^HSI,0.5284,up,up,0.236,True
2026-08-11,^IBEX,0.5254,up,up,0.066,True
2026-08-11,^IXIC,0.5649,up,up,0.251,True
2026-08-11,^KS11,0.3824,down,down,-0.946,True
2026-08-11,^NSEI,0.4206,down,down,-0.035,True
2026-08-11,^SSMI,0.4488,down,down,-0.023,True
2026-08-11,^STOXX50E,0.5345,up,up,0.048,True
2026-08-12,000001.SS,0.2278,down,down,-0.014,True
2026-08-12,^AXJO,0.2982,down,down,-0.254,True
2026-08-12,^BVSP,0.5868,up,up,0.002,True
2026-08-12,^DJI,0.6541,up,up,0.01,True
2026-08-12,^FCHI,0.4811,down,down,-0.008,True
2026-08-12,^FTSE,0.2864,down,up,0.019,False
2026-08-12,^GDAXI,0.6206,up,up,0.23,True
2026-08-12,^GSPC,0.7118,up,up,0.482,True
2026-08-12,^GSPTSE,0.4814,down,up,0.211,False
2026-08-12,^HSI,0.53,up,down,-0.602,False
2026-08-12,^IBEX,0.4556,down,up,0.23,False
2026-08-12,^IXIC,0.6445,up,up,0.889,True
2026-08-12,^KS11,0.2658,down,up,1.465,False
2026-08-12,^N225,0.4584,down,up,0.036,False
2026-08-12,^NSEI,0.3189,down,up,0.003,False
2026-08-12,^SSMI,0.3103,down,down,-0.152,True
2026-08-12,^STOXX50E,0.4128,down,up,0.086,False
2026-08-13,000001.SS,0.346,down,up,0.266,False
2026-08-13,^AXJO,0.6198,up,down,-0.158,False
2026-08-13,^BVSP,0.581,up,down,-0.001,False
2026-08-13,^DJI,0.6335,up,up,0.108,True
2026-08-13,^FCHI,0.6917,up,up,0.318,True
2026-08-13,^FTSE,0.4987,down,up,0.284,False
2026-08-13,^GDAXI,0.7693,up,up,0.404,True
2026-08-13,^GSPC,0.6517,up,up,0.189,True
2026-08-13,^GSPTSE,0.4918,down,down,-0.005,True
2026-08-13,^HSI,0.7382,up,down,-0.598,False
2026-08-13,^IBEX,0.6782,up,up,0.299,True
2026-08-13,^IXIC,0.5987,up,up,0.161,True
2026-08-13,^KS11,0.4791,down,up,2.962,False
2026-08-13,^N225,0.6725,up,up,0.754,True
2026-08-13,^NSEI,0.5334,up,down,-0.018,False
2026-08-13,^SSMI,0.5187,up,up,0.075,True
2026-08-13,^STOXX50E,0.6273,up,up,0.123,True
2026-08-14,000001.SS,0.2944,down,up,0.078,False
2026-08-14,^AXJO,0.5373,up,down,-0.511,False
2026-08-14,^BVSP,0.5388,up,down,-0.001,False
2026-08-14,^DJI,0.5555,up,up,0.005,True
2026-08-14,^FCHI,0.5907,up,up,0.081,True
2026-08-14,^FTSE,0.5732,up,up,0.228,True
2026-08-14,^GDAXI,0.6923,up,up,0.556,True
2026-08-14,^GSPC,0.5152,up,up,0.098,True
2026-08-14,^GSPTSE,0.3502,down,up,0.051,False
2026-08-14,^HSI,0.6448,up,down,-0.698,False
2026-08-14,^IBEX,0.5938,up,up,0.211,True
2026-08-14,^IXIC,0.5258,up,up,0.18,True
2026-08-14,^KS11,0.4904,down,up,2.676,False
2026-08-14,^N225,0.6504,up,up,0.736,True
2026-08-14,^NSEI,0.5485,up,down,-0.139,False
2026-08-14,^SSMI,0.4127,down,up,0.18,False
2026-08-14,^STOXX50E,0.4829,down,down,-0.01,True
2026-08-17,000001.SS,0.3585,down,up,0.075,False
2026-08-17,^AXJO,0.4663,down,down,-0.233,True
2026-08-17,^BVSP,0.609,up,down,-0.001,False
2026-08-17,^DJI,0.6771,up,down,-0.129,False
2026-08-17,^FCHI,0.5859,up,down,-0.095,False
2026-08-17,^FTSE,0.6091,up,up,0.342,True
2026-08-17,^GDAXI,0.6662,up,up,0.189,True
2026-08-17,^GSPC,0.711,up,up,0.063,True
2026-08-17,^GSPTSE,0.5916,up,down,-0.117,False
2026-08-17,^HSI,0.7038,up,up,0.743,True
2026-08-17,^IBEX,0.5877,up,down,-0.158,False
2026-08-17,^IXIC,0.7037,up,up,0.208,True
2026-08-17,^N225,0.456,down,up,0.245,False
2026-08-17,^NSEI,0.4365,down,down,-0.093,True
2026-08-17,^SSMI,0.423,down,down,-0.259,True
2026-08-17,^STOXX50E,0.4999,down,up,0.131,False
2026-08-18,000001.SS,0.2886,down,down,-0.079,True
2026-08-18,^AXJO,0.193,down,down,-0.111,True
2026-08-18,^BVSP,0.5573,up,up,0.003,True
2026-08-18,^DJI,0.5994,up,down,-0.197,False
2026-08-18,^FCHI,0.336,down,down,-0.193,True
2026-08-18,^FTSE,0.3196,down,up,0.248,False
2026-08-18,^GDAXI,0.37,down,down,-0.219,True
2026-08-18,^GSPC,0.54,up,down,-0.581,False
2026-08-18,^GSPTSE,0.4919,down,down,-0.143,True
2026-08-18,^HSI,0.5077,up,down,-0.331,False
2026-08-18,^IBEX,0.3152,down,up,0.033,False
2026-08-18,^IXIC,0.5532,up,down,-1.119,False
2026-08-18,^KS11,0.2673,down,up,2.147,False
2026-08-18,^N225,0.2383,down,down,-0.539,True
2026-08-18,^NSEI,0.2978,down,down,-0.263,True
2026-08-18,^SSMI,0.248,down,down,-0.119,True
2026-08-18,^STOXX50E,0.2851,down,down,-0.189,True
2026-08-19,000001.SS,0.186,down,down,-0.957,True
2026-08-19,^AXJO,0.1884,down,down,-0.37,True
2026-08-19,^BVSP,0.5261,up,up,0.001,True
2026-08-19,^DJI,0.5526,up,up,0.225,True
2026-08-19,^FCHI,0.3874,down,up,0.163,False
2026-08-19,^FTSE,0.489,down,up,0.114,False
2026-08-19,^GDAXI,0.4248,down,up,0.068,False
2026-08-19,^GSPC,0.46,down,up,0.325,False
2026-08-19,^GSPTSE,0.4465,down,up,0.463,False
2026-08-19,^HSI,0.5449,up,down,-0.488,False
2026-08-19,^IBEX,0.4042,down,up,0.022,False
2026-08-19,^IXIC,0.4975,down,up,0.396,False
2026-08-19,^KS11,0.397,down,down,-4.965,True
2026-08-19,^N225,0.1833,down,down,-0.961,True
2026-08-19,^NSEI,0.2333,down,down,-0.012,True
2026-08-19,^SSMI,0.3158,down,down,-0.117,True
2026-08-19,^STOXX50E,0.3079,down,up,0.112,False
2026-08-20,000001.SS,0.5372,up,up,0.328,True
2026-08-20,^AXJO,0.8187,up,up,0.531,True
2026-08-20,^BVSP,0.6317,up,down,-0.002,False
2026-08-20,^DJI,0.7417,up,down,-0.153,False
2026-08-20,^FCHI,0.8212,up,up,0.025,True
2026-08-20,^FTSE,0.7857,up,up,0.019,True
2026-08-20,^GDAXI,0.8925,up,down,-0.155,False
2026-08-20,^GSPC,0.7868,up,down,-0.227,False
2026-08-20,^GSPTSE,0.703,up,down,-0.257,False
2026-08-20,^HSI,0.8775,up,up,1.114,True
2026-08-20,^IBEX,0.8431,up,down,-0.068,False
2026-08-20,^IXIC,0.7974,up,down,-0.454,False
2026-08-20,^KS11,0.9155,up,up,3.232,True
2026-08-20,^N225,0.721,up,up,0.622,True
2026-08-20,^NSEI,0.6007,up,up,0.611,True
2026-08-20,^SSMI,0.6672,up,up,0.063,True
2026-08-20,^STOXX50E,0.7991,up,up,0.045,True
2026-08-21,000001.SS,0.1307,down,down,-0.321,True
2026-08-21,^AXJO,0.1409,down,down,-0.111,True
2026-08-21,^BVSP,0.6654,up,up,0.001,True
2026-08-21,^DJI,0.7707,up,up,0.018,True
2026-08-21,^FCHI,0.3671,down,down,-0.088,True
2026-08-21,^FTSE,0.3441,down,up,0.114,False
2026-08-21,^GDAXI,0.586,up,up,0.061,True
2026-08-21,^GSPC,0.7689,up,up,0.321,True
2026-08-21,^GSPTSE,0.7474,up,up,0.301,True
2026-08-21,^HSI,0.4851,down,up,0.425,False
2026-08-21,^IBEX,0.4532,down,up,0.289,False
2026-08-21,^IXIC,0.7795,up,up,0.505,True
2026-08-21,^KS11,0.0415,down,down,-1.352,True
2026-08-21,^N225,0.1886,down,down,-1.192,True
2026-08-21,^NSEI,0.191,down,up,0.215,False
2026-08-21,^SSMI,0.321,down,down,-0.369,True
2026-08-21,^STOXX50E,0.4062,down,up,0.07,False
2026-08-24,000001.SS,0.6774,up,down,-0.064,False
2026-08-24,^AXJO,0.8723,up,up,0.284,True
2026-08-24,^BVSP,0.4561,down,down,-0.001,True
2026-08-24,^DJI,0.4846,down,down,-0.028,True
2026-08-24,^FCHI,0.3333,down,down,-0.031,True
2026-08-24,^FTSE,0.4942,down,down,-0.075,True
2026-08-24,^GDAXI,0.4852,down,down,-0.173,True
2026-08-24,^GSPC,0.4444,down,down,-0.143,True
2026-08-24,^GSPTSE,0.4116,down,down,-0.058,True
2026-08-24,^HSI,0.8587,up,down,-0.882,False
2026-08-24,^IBEX,0.5255,up,up,0.086,True
2026-08-24,^IXIC,0.3867,down,down,-0.44,True
2026-08-24,^KS11,0.6949,up,down,-0.461,False
2026-08-24,^N225,0.8536,up,down,-0.057,False
2026-08-24,^NSEI,0.6711,up,up,0.136,True
2026-08-24,^SSMI,0.3377,down,down,-0.058,True
2026-08-24,^STOXX50E,0.4483,down,down,-0.129,True
2026-08-25,000001.SS,0.2509,down,down,-0.48,True
2026-08-25,^AXJO,0.478,down,up,0.11,False
2026-08-25,^BVSP,0.6412,up,down,-0.005,False
2026-08-25,^DJI,0.7507,up,up,0.333,True
2026-08-25,^FCHI,0.7769,up,up,0.546,True
2026-08-25,^FTSE,0.816,up,up,0.282,True
2026-08-25,^GDAXI,0.8347,up,up,0.381,True
2026-08-25,^GSPC,0.7659,up,up,0.311,True
2026-08-25,^GSPTSE,0.683,up,down,-0.236,False
2026-08-25,^HSI,0.723,up,up,0.458,True
2026-08-25,^IBEX,0.796,up,up,0.45,True
2026-08-25,^IXIC,0.7377,up,up,0.649,True
2026-08-25,^KS11,0.6385,up,down,-2.405,False
2026-08-25,^N225,0.5453,up,down,-0.508,False
2026-08-25,^NSEI,0.4425,down,down,-0.179,True
2026-08-25,^SSMI,0.6277,up,up,0.125,True
2026-08-25,^STOXX50E,0.7558,up,up,0.304,True
2026-08-26,000001.SS,0.4604,down,down,-0.198,True
2026-08-26,^AXJO,0.7159,up,down,-0.134,False
2026-08-26,^BVSP,0.5752,up,up,0.002,True
2026-08-26,^DJI,0.618,up,down,-0.055,False
2026-08-26,^FCHI,0.539,up,up,0.351,True
2026-08-26,^FTSE,0.508,up,up,0.206,True
2026-08-26,^GDAXI,0.6981,up,down,-0.041,False
2026-08-26,^GSPC,0.6117,up,down,-0.135,False
2026-08-26,^GSPTSE,0.5015,up,down,-0.401,False
2026-08-26,^HSI,0.8001,up,up,0.487,True
2026-08-26,^IBEX,0.5207,up,up,0.266,True
2026-08-26,^IXIC,0.5248,up,down,-0.198,False
2026-08-26,^KS11,0.4808,down,down,-0.23,True
2026-08-26,^N225,0.7563,up,down,-0.383,False
2026-08-26,^NSEI,0.6469,up,up,0.03,True
2026-08-26,^SSMI,0.371,down,up,0.158,False
2026-08-26,^STOXX50E,0.5602,up,up,0.107,True
2026-08-27,000001.SS,0.2808,down,down,-0.016,True
2026-08-27,^AXJO,0.3779,down,down,-0.061,True
2026-08-27,^BVSP,0.5241,up,down,-0.001,False
2026-08-27,^DJI,0.5295,up,up,0.28,True
2026-08-27,^FCHI,0.4193,down,down,-0.017,True
2026-08-27,^FTSE,0.381,down,down,-0.413,True
2026-08-27,^GDAXI,0.5582,up,up,0.26,True
2026-08-27,^GSPC,0.5462,up,up,0.451,True
2026-08-27,^GSPTSE,0.4507,down,down,-0.02,True
2026-08-27,^HSI,0.5943,up,up,0.475,True
2026-08-27,^IBEX,0.4145,down,up,0.031,False
2026-08-27,^IXIC,0.5152,up,up,0.868,True
2026-08-27,^KS11,0.3433,down,up,2.76,False
2026-08-27,^N225,0.6278,up,up,0.775,True
2026-08-27,^NSEI,0.3504,down,up,0.289,False
2026-08-27,^SSMI,0.2989,down,down,-0.669,True
2026-08-27,^STOXX50E,0.4238,down,up,0.243,False
2026-08-28,000001.SS,0.4582,down,down,-0.16,True
2026-08-28,^AXJO,0.699,up,up,0.334,True
2026-08-28,^BVSP,0.608,up,up,0.001,True
2026-08-28,^DJI,0.5726,up,up,0.079,True
2026-08-28,^FCHI,0.7963,up,up,0.828,True
2026-08-28,^FTSE,0.7395,up,up,0.454,True
2026-08-28,^GDAXI,0.8969,up,up,0.483,True
2026-08-28,^GSPC,0.6527,up,up,0.054,True
2026-08-28,^GSPTSE,0.6129,up,up,0.115,True
2026-08-28,^HSI,0.7698,up,down,-0.607,False
2026-08-28,^IBEX,0.7813,up,up,0.718,True
2026-08-28,^IXIC,0.596,up,down,-0.096,False
2026-08-28,^KS11,0.8458,up,down,-0.952,False
2026-08-28,^N225,0.8196,up,down,-0.042,False
2026-08-28,^NSEI,0.5107,up,up,0.132,True
2026-08-28,^SSMI,0.6011,up,up,0.388,True
2026-08-28,^STOXX50E,0.7695,up,up,0.369,True
2026-08-31,000001.SS,0.2682,down,down,-0.649,True
2026-08-31,^AXJO,0.2092,down,down,-0.306,True
2026-08-31,^BVSP,0.6022,up,down,-0.0,False
2026-08-31,^DJI,0.5689,up,down,-0.182,False
2026-08-31,^FCHI,0.4333,down,up,0.042,False
2026-08-31,^GDAXI,0.5333,up,down,-0.398,False
2026-08-31,^GSPC,0.5305,up,down,-0.185,False
2026-08-31,^GSPTSE,0.5183,up,down,-0.165,False
2026-08-31,^HSI,0.6223,up,down,-0.642,False
2026-08-31,^IBEX,0.424,down,up,0.143,False
2026-08-31,^IXIC,0.566,up,down,-0.166,False
2026-08-31,^KS11,0.396,down,down,-2.582,True
2026-08-31,^N225,0.5611,up,down,-1.11,False
2026-08-31,^NSEI,0.3253,down,down,-0.24,True
2026-08-31,^SSMI,0.3686,down,down,-0.139,True
2026-08-31,^STOXX50E,0.44,down,down,-0.129,True
2026-09-01,000001.SS,0.3698,down,down,-0.161,True
2026-09-01,^AXJO,0.281,down,down,-0.369,True
2026-09-01,^BVSP,0.5196,up,up,0.01,True
2026-09-01,^DJI,0.5397,up,down,-0.192,False
2026-09-01,^FCHI,0.6567,up,up,0.166,True
2026-09-01,^FTSE,0.6853,up,down,-0.302,False
2026-09-01,^GDAXI,0.7583,up,down,-0.409,False
2026-09-01,^GSPC,0.5256,up,down,-0.659,False
2026-09-01,^GSPTSE,0.4751,down,down,-0.424,True
2026-09-01,^HSI,0.7059,up,down,-0.592,False
2026-09-01,^IBEX,0.6288,up,up,0.054,True
2026-09-01,^IXIC,0.5179,up,down,-1.286,False
2026-09-01,^KS11,0.3087,down,down,-0.524,True
2026-09-01,^N225,0.3826,down,down,-0.643,True
2026-09-01,^NSEI,0.3149,down,down,-0.012,True
2026-09-01,^SSMI,0.5722,up,up,0.582,True
2026-09-01,^STOXX50E,0.6309,up,up,0.08,True
2026-09-02,000001.SS,0.1928,down,down,-0.423,True
2026-09-02,^AXJO,0.0798,down,down,-0.872,True
2026-09-02,^BVSP,0.5243,up,up,0.006,True
2026-09-02,^DJI,0.4247,down,up,0.119,False
2026-09-02,^FCHI,0.2475,down,down,-0.107,True
2026-09-02,^FTSE,0.1336,down,down,-0.113,True
2026-09-02,^GDAXI,0.3462,down,down,-0.321,True
2026-09-02,^GSPC,0.3896,down,up,0.041,False
2026-09-02,^GSPTSE,0.4509,down,up,0.216,False
2026-09-02,^HSI,0.5982,up,down,-0.193,False
2026-09-02,^IBEX,0.2583,down,down,-0.167,True
2026-09-02,^IXIC,0.4152,down,down,-0.022,True
2026-09-02,^KS11,0.1812,down,down,-3.077,True
2026-09-02,^N225,0.2448,down,down,-1.54,True
2026-09-02,^NSEI,0.1844,down,down,-0.822,True
2026-09-02,^SSMI,0.2903,down,up,0.017,False
2026-09-02,^STOXX50E,0.3136,down,down,-0.082,True
2026-09-03,000001.SS,0.6138,up,up,0.289,True
2026-09-03,^AXJO,0.8629,up,up,0.322,True
2026-09-03,^BVSP,0.5436,up,up,0.007,True
2026-09-03,^DJI,0.4839,down,up,0.466,False
2026-09-03,^FCHI,0.8055,up,down,-0.064,False
2026-09-03,^FTSE,0.7975,up,up,0.019,True
2026-09-03,^GDAXI,0.844,up,up,0.006,True
2026-09-03,^GSPC,0.5479,up,up,0.262,True
2026-09-03,^GSPTSE,0.5301,up,up,0.464,True
2026-09-03,^HSI,0.9141,up,up,0.677,True
2026-09-03,^IBEX,0.8743,up,up,0.194,True
2026-09-03,^IXIC,0.4792,down,up,0.452,False
2026-09-03,^KS11,0.957,up,up,1.335,True
2026-09-03,^N225,0.9242,up,up,0.621,True
2026-09-03,^NSEI,0.7695,up,up,0.349,True
2026-09-03,^SSMI,0.7719,up,down,-0.042,False
2026-09-03,^STOXX50E,0.8252,up,up,0.016,True
2026-09-04,000001.SS,0.574,up,up,0.341,True
2026-09-04,^AXJO,0.8877,up,up,0.394,True
2026-09-04,^BVSP,0.6158,up,up,0.002,True
2026-09-04,^DJI,0.5023,up,down,-0.189,False
2026-09-04,^FCHI,0.567,up,down,-0.238,False
2026-09-04,^FTSE,0.5723,up,down,-0.188,False
2026-09-04,^GDAXI,0.6563,up,down,-0.067,False
2026-09-04,^GSPC,0.6073,up,up,0.032,True
2026-09-04,^GSPTSE,0.5333,up,down,-0.397,False
2026-09-04,^HSI,0.8885,up,up,1.199,True
2026-09-04,^IXIC,0.5104,up,up,0.014,True
2026-09-04,^KS11,0.9549,up,up,1.138,True
2026-09-04,^N225,0.8543,up,up,0.443,True
2026-09-04,^NSEI,0.8203,up,up,0.157,True
2026-09-04,^SSMI,0.5475,up,down,-0.062,False
2026-09-04,^STOXX50E,0.6445,up,down,-0.03,False
2026-09-07,000001.SS,0.2227,down,up,0.315,False
2026-09-07,^AXJO,0.1521,down,down,-0.123,True
2026-09-07,^FCHI,0.5495,up,down,-0.073,False
2026-09-07,^FTSE,0.6059,up,down,-0.264,False
2026-09-07,^GDAXI,0.7579,up,down,-0.026,False
2026-09-07,^HSI,0.4034,down,up,0.008,False
2026-09-07,^IBEX,0.669,up,up,0.008,True
2026-09-07,^KS11,0.4024,down,up,3.343,False
2026-09-07,^N225,0.4786,down,up,0.891,False
2026-09-07,^NSEI,0.3956,down,down,-0.061,True
2026-09-07,^SSMI,0.4945,down,down,-1.129,True
2026-09-07,^STOXX50E,0.5516,up,down,-0.125,False
2026-09-08,000001.SS,0.2048,down,up,0.072,False
2026-09-08,^AXJO,0.1539,down,down,-0.074,True
2026-09-08,^BVSP,0.4997,down,up,0.033,False
2026-09-08,^DJI,0.5002,up,down,-0.569,False
2026-09-08,^FCHI,0.1493,down,down,-0.458,True
2026-09-08,^FTSE,0.6011,up,down,-0.188,False
2026-09-08,^GDAXI,0.2571,down,down,-0.42,True
2026-09-08,^GSPC,0.4944,down,down,-0.01,True
2026-09-08,^GSPTSE,0.4108,down,down,-0.253,True
2026-09-08,^HSI,0.5442,up,down,-0.634,False
2026-09-08,^IBEX,0.1902,down,down,-0.367,True
2026-09-08,^IXIC,0.451,down,up,0.081,False
2026-09-08,^KS11,0.2714,down,up,0.72,False
2026-09-08,^N225,0.5248,up,down,-0.838,False
2026-09-08,^NSEI,0.4277,down,down,-0.152,True
2026-09-08,^SSMI,0.0943,down,up,0.166,False
2026-09-08,^STOXX50E,0.1749,down,down,-0.156,True
2026-09-09,^BVSP,0.53,up,down,-0.002,False
2026-09-09,^DJI,0.475,down,down,-0.148,True
2026-09-09,^FCHI,0.1511,down,down,-0.718,True
2026-09-09,^FTSE,0.1041,down,down,-0.66,True
2026-09-09,^GDAXI,0.2198,down,down,-0.525,True
2026-09-09,^GSPC,0.5389,up,down,-0.167,False
2026-09-09,^GSPTSE,0.455,down,up,0.143,False
2026-09-09,^IBEX,0.1872,down,down,-1.013,True
2026-09-09,^IXIC,0.4935,down,down,-0.365,True
2026-09-09,^SSMI,0.1525,down,down,-0.613,True
2026-09-09,^STOXX50E,0.1841,down,down,-0.283,True
